{"timestamp":1748777747120,"random":0.3679547793610176,"counter":82,"data":[0.2499683555478336,0.03386623486802476,0.514244640688126,0.5076565793632566]}
