{"timestamp":1748777204532,"random":0.8112706902998612,"counter":669,"data":[0.009014716391677835,0.3470065740756638]}
