{"timestamp":1748778507058,"random":0.6655593575175713,"counter":981,"data":[0.6937783748017501,0.8586614074712442,0.10634034194553754,0.27381986702910743]}
