{"timestamp":1748777226735,"random":0.6980540166102227,"counter":777,"data":[0.05664170714570993,0.6315501282470981,0.4936769983262139,0.9889750643084123,0.8862232424201204]}
