{"timestamp":1748778643654,"random":0.5976795683096627,"counter":931,"data":[0.4911180361329044,0.7038351248666068]}
