{"timestamp":1748778226443,"random":0.34051016005052204,"counter":223,"data":[0.8324431989936412,0.6986049592812773]}
