{"timestamp":1748778391707,"random":0.6511022529411252,"counter":64,"data":[0.555069424761305,0.7233478392542618]}
