{"timestamp":1748778392828,"random":0.6011043451231448,"counter":204,"data":[0.12009705869783405]}
