{"timestamp":1748778610321,"random":0.43418972690123336,"counter":787,"data":[0.35860811129674164,0.7591613330239011]}
