{"timestamp":1748778292015,"random":0.8712096146732808,"counter":236,"data":[0.003143642134633362,0.5541335911077956,0.5201623478145467,0.630758722100935,0.5513223006625769]}
