{"timestamp":1748777735327,"random":0.3732392113717451,"counter":100,"data":[0.8126998028822174,0.8472314850190579,0.7297983999544941,0.9796163556023512,0.8286476825566302]}
