{"timestamp":1748778420472,"random":0.865076764127326,"counter":546,"data":[0.007744588905998828,0.18884848503330787,0.4323475803496355,0.4327346310921485,0.7705062354616776]}
