{"timestamp":1748777101383,"random":0.5355453109952462,"counter":22,"data":[0.9839715007209091,0.5582594539384653,0.04131287318313981,0.10834367562579339,0.9414499849913693]}
