{"timestamp":1748777308450,"random":0.2709327144019893,"counter":657,"data":[0.7471217231110092,0.05775521953225171]}
