{"timestamp":1748778959733,"random":0.8626718330010905,"counter":640,"data":[0.7586480079772722,0.64609429184181,0.42923903963311405,0.19298433973015072,0.6216680722436234]}
