{"timestamp":1748777365356,"random":0.14422894366173145,"counter":402,"data":[0.9771852669742092,0.26157844070491576,0.8524147732707159,0.030526592894259297]}
