{"timestamp":1748777131415,"random":0.04248202349395247,"counter":936,"data":[0.4032336919551469,0.23817879547199472,0.6792489244261875,0.8929001640342074,0.014714275810881805]}
