{"timestamp":1748778133187,"random":0.8598627933156802,"counter":260,"data":[0.6399299819738673]}
