{"timestamp":1748777299043,"random":0.17997541131623485,"counter":980,"data":[0.3311154775727061,0.5236567913899439]}
