{"timestamp":1748778540583,"random":0.826666588827272,"counter":824,"data":[0.6651092871385018]}
