{"timestamp":1748778238212,"random":0.11160853023036754,"counter":821,"data":[0.6063506658932918,0.7731056345247096]}
