{"timestamp":1748777540528,"random":0.43093102315185594,"counter":878,"data":[0.574513186240506,0.033678532249120874,0.8171146263525948,0.591134227298844]}
