{"timestamp":1748778966198,"random":0.3013902093379337,"counter":301,"data":[0.9967643847223542]}
