{"timestamp":1748777696369,"random":0.43895975513808727,"counter":65,"data":[0.18799179135682875,0.3116671064045595]}
