{"timestamp":1748778421265,"random":0.9051921217879948,"counter":531,"data":[0.9387551691777756,0.07987490285195609,0.15175828476139808,0.287207541604348,0.8803139394216957]}
