{"timestamp":1748777788225,"random":0.01405728261487904,"counter":323,"data":[0.14543218779649347,0.44385060585135916,0.730689994796988,0.08515571029221558,0.4872392204003875]}
