{"timestamp":1748777697140,"random":0.7864897244647593,"counter":409,"data":[0.5793001203409192,0.8302577901379022]}
