{"timestamp":1748778491541,"random":0.07535363778203608,"counter":577,"data":[0.23495153270764058,0.4800974910900895,0.7785398371272809,0.9718057240276332,0.45763186115325194]}
