{"timestamp":1748778644808,"random":0.3054509519536055,"counter":146,"data":[0.6023004259826032,0.007778651792468283,0.5458976106932278]}
