{"timestamp":1748778169390,"random":0.9713774757677296,"counter":256,"data":[0.2843318837417659,0.22745416189608636,0.2703764698322566,0.055628710049138164]}
