{"timestamp":1748778065101,"random":0.2799464967919043,"counter":927,"data":[0.409967093026687,0.03279374231571408,0.28864087604392674,0.19432025414367482]}
