{"timestamp":1748777966629,"random":0.2509652736825505,"counter":468,"data":[0.05697025838890535,0.3316984207877576]}
