{"timestamp":1748777435448,"random":0.6953827771703216,"counter":614,"data":[0.5324998635420761,0.5123484749044507,0.254827772392312]}
