{"timestamp":1748778155071,"random":0.9623526305364023,"counter":150,"data":[0.6281599636540283,0.4204305856315671]}
