{"timestamp":1748777346453,"random":0.29452518248786363,"counter":628,"data":[0.7814494741342148]}
