{"timestamp":1748778498744,"random":0.5755552843108815,"counter":456,"data":[0.9100249043191131,0.12922315511378302,0.35383255196030516,0.7599284318468398]}
