{"timestamp":1748778400000,"random":0.0440451132627393,"counter":515,"data":[0.43388465262454323,0.922989389388539,0.0198401838104465,0.975945718838999]}
