{"timestamp":1748778710281,"random":0.059702161059014935,"counter":435,"data":[0.4313138315133036,0.48006388443423176,0.6999209707754319,0.8336546554372912]}
