{"timestamp":1748778183399,"random":0.5109629193037966,"counter":308,"data":[0.5917050632154548]}
