{"timestamp":1748777230107,"random":0.8438062553236647,"counter":18,"data":[0.535566489828144,0.35782373341919116,0.76722324961227,0.47244845656818923,0.573238632709532]}
