{"timestamp":1748778517363,"random":0.5705689862227883,"counter":682,"data":[0.28892375558003747,0.638825676264779,0.3645981211061864,0.7534221700559569]}
