{"timestamp":1748778749190,"random":0.44110147682535383,"counter":438,"data":[0.643298891294471,0.47436609155105613,0.16420316316074257,0.18523162420438233,0.96093844779975]}
