{"timestamp":1748777248995,"random":0.2973145549115159,"counter":159,"data":[0.3080751149138361,0.45405364192333497]}
