{"timestamp":1748777322389,"random":0.16659119121811905,"counter":124,"data":[0.2771861178904813,0.03487094896389609,0.8545574643003848,0.5365144440154508,0.83148140054001]}
