{"timestamp":1748777879587,"random":0.4494740086801958,"counter":36,"data":[0.7310142905245085,0.8612116008301005,0.8380702369912236,0.852888442876921,0.6817826788545307]}
