{"timestamp":1748777536791,"random":0.9236207935960605,"counter":20,"data":[0.5485690272016284]}
