{"timestamp":1748778425047,"random":0.34720936494728116,"counter":459,"data":[0.5001805698395783,0.4462771105515717]}
